DROP DATABASE IF EXISTS universidad;
CREATE DATABASE universidad CHARACTER SET utf8mb4;
USE universidad;
 
CREATE TABLE departamento (
    id INT UNSIGNED AUTO_INCREMENT PRIMARY KEY,
    nombre VARCHAR(50) NOT NULL
);

CREATE TABLE persona (
    id INT UNSIGNED AUTO_INCREMENT PRIMARY KEY,
    nif VARCHAR(9) UNIQUE,
    nombre VARCHAR(25) NOT NULL,
    apellido1 VARCHAR(50) NOT NULL,
    apellido2 VARCHAR(50),
    ciudad VARCHAR(25) NOT NULL,
    direccion VARCHAR(50) NOT NULL,
    telefono VARCHAR(9),
    fecha_nacimiento DATE NOT NULL,
    sexo ENUM('H', 'M') NOT NULL,
    tipo ENUM('profesor', 'alumno') NOT NULL
);
 
CREATE TABLE profesor (
    id_profesor INT UNSIGNED PRIMARY KEY,
    id_departamento INT UNSIGNED NOT NULL,
    FOREIGN KEY (id_profesor) REFERENCES persona(id),
    FOREIGN KEY (id_departamento) REFERENCES departamento(id)
);
 
 CREATE TABLE grado (
    id INT UNSIGNED AUTO_INCREMENT PRIMARY KEY,
    nombre VARCHAR(100) NOT NULL
);
 
CREATE TABLE asignatura (
    id INT UNSIGNED AUTO_INCREMENT PRIMARY KEY,
    nombre VARCHAR(100) NOT NULL,
    creditos FLOAT UNSIGNED NOT NULL,
    tipo ENUM('básica', 'obligatoria', 'optativa') NOT NULL,
    curso TINYINT UNSIGNED NOT NULL,
    cuatrimestre TINYINT UNSIGNED NOT NULL,
    id_profesor INT UNSIGNED,
    id_grado INT UNSIGNED NOT NULL,
    FOREIGN KEY(id_profesor) REFERENCES profesor(id_profesor),
    FOREIGN KEY(id_grado) REFERENCES grado(id)
);
 
CREATE TABLE curso_escolar (
    id INT UNSIGNED AUTO_INCREMENT PRIMARY KEY,
    anyo_inicio YEAR NOT NULL,
    anyo_fin YEAR NOT NULL
);

CREATE TABLE alumno_se_matricula_asignatura (
    id_alumno INT UNSIGNED NOT NULL,
    id_asignatura INT UNSIGNED NOT NULL,
    id_curso_escolar INT UNSIGNED NOT NULL,
    PRIMARY KEY (id_alumno, id_asignatura, id_curso_escolar),
    FOREIGN KEY (id_alumno) REFERENCES persona(id),
    FOREIGN KEY (id_asignatura) REFERENCES asignatura(id),
    FOREIGN KEY (id_curso_escolar) REFERENCES curso_escolar(id)
);
 
 /* Departamento */
INSERT INTO departamento VALUES (1, 'Informática');
INSERT INTO departamento VALUES (2, 'Matemáticas');
INSERT INTO departamento VALUES (3, 'Economía y Empresa');
INSERT INTO departamento VALUES (4, 'Educación');
INSERT INTO departamento VALUES (5, 'Agronomía');
INSERT INTO departamento VALUES (6, 'Química y Física');
INSERT INTO departamento VALUES (7, 'Filología');
INSERT INTO departamento VALUES (8, 'Derecho');
INSERT INTO departamento VALUES (9, 'Biología y Geología');
 
 /* Persona */
INSERT INTO persona VALUES (1, '26902806M', 'Salvador', 'Sánchez', 'Pérez', 'Almería', 'C/ Real del barrio alto', '950254837', '1991/03/28', 'H', 'alumno');
INSERT INTO persona VALUES (2, '89542419S', 'Juan', 'Saez', 'Vega', 'Almería', 'C/ Mercurio', '618253876', '1992/08/08', 'H', 'alumno');
INSERT INTO persona VALUES (3, '11105554G', 'Zoe', 'Ramirez', 'Gea', 'Almería', 'C/ Marte', '618223876', '1979/08/19', 'M', 'profesor');
INSERT INTO persona VALUES (4, '17105885A', 'Pedro', 'Heller', 'Pagac', 'Almería', 'C/ Estrella fugaz', NULL, '2000/10/05', 'H', 'alumno');
INSERT INTO persona VALUES (5, '38223286T', 'David', 'Schmidt', 'Fisher', 'Almería', 'C/ Venus', '678516294', '1978/01/19', 'H', 'profesor');
INSERT INTO persona VALUES (6, '04233869Y', 'José', 'Koss', 'Bayer', 'Almería', 'C/ Júpiter', '628349590', '1998/01/28', 'H', 'alumno');
INSERT INTO persona VALUES (7, '97258166K', 'Ismael', 'Strosin', 'Turcotte', 'Almería', 'C/ Neptuno', NULL, '1999/05/24', 'H', 'alumno');
INSERT INTO persona VALUES (8, '79503962T', 'Cristina', 'Lemke', 'Rutherford', 'Almería', 'C/ Saturno', '669162534', '1977/08/21', 'M', 'profesor');
INSERT INTO persona VALUES (9, '82842571K', 'Ramón', 'Herzog', 'Tremblay', 'Almería', 'C/ Urano', '626351429', '1996/11/21', 'H', 'alumno');
INSERT INTO persona VALUES (10, '61142000L', 'Esther', 'Spencer', 'Lakin', 'Almería', 'C/ Plutón', NULL, '1977/05/19', 'M', 'profesor');
INSERT INTO persona VALUES (11, '46900725E', 'Daniel', 'Herman', 'Pacocha', 'Almería', 'C/ Andarax', '679837625', '1997/04/26', 'H', 'alumno');
INSERT INTO persona VALUES (12, '85366986W', 'Carmen', 'Streich', 'Hirthe', 'Almería', 'C/ Almanzora', NULL, '1971-04-29', 'M', 'profesor');
INSERT INTO persona VALUES (13, '73571384L', 'Alfredo', 'Stiedemann', 'Morissette', 'Almería', 'C/ Guadalquivir', '950896725', '1980/02/01', 'H', 'profesor');
INSERT INTO persona VALUES (14, '82937751G', 'Manolo', 'Hamill', 'Kozey', 'Almería', 'C/ Duero', '950263514', '1977/01/02', 'H', 'profesor');
INSERT INTO persona VALUES (15, '80502866Z', 'Alejandro', 'Kohler', 'Schoen', 'Almería', 'C/ Tajo', '668726354', '1980/03/14', 'H', 'profesor');
INSERT INTO persona VALUES (16, '10485008K', 'Antonio', 'Fahey', 'Considine', 'Almería', 'C/ Sierra de los Filabres', NULL, '1982/03/18', 'H', 'profesor');
INSERT INTO persona VALUES (17, '85869555K', 'Guillermo', 'Ruecker', 'Upton', 'Almería', 'C/ Sierra de Gádor', NULL, '1973/05/05', 'H', 'profesor');
INSERT INTO persona VALUES (18, '04326833G', 'Micaela', 'Monahan', 'Murray', 'Almería', 'C/ Veleta', '662765413', '1976/02/25', 'H', 'profesor');
INSERT INTO persona VALUES (19, '11578526G', 'Inma', 'Lakin', 'Yundt', 'Almería', 'C/ Picos de Europa', '678652431', '1998/09/01', 'M', 'alumno');
INSERT INTO persona VALUES (20, '79221403L', 'Francesca', 'Schowalter', 'Muller', 'Almería', 'C/ Quinto pino', NULL, '1980/10/31', 'H', 'profesor');
INSERT INTO persona VALUES (21, '79089577Y', 'Juan', 'Gutiérrez', 'López', 'Almería', 'C/ Los pinos', '678652431', '1998/01/01', 'H', 'alumno');
INSERT INTO persona VALUES (22, '41491230N', 'Antonio', 'Domínguez', 'Guerrero', 'Almería', 'C/ Cabo de Gata', '626652498', '1999/02/11', 'H', 'alumno');
INSERT INTO persona VALUES (23, '64753215G', 'Irene', 'Hernández', 'Martínez', 'Almería', 'C/ Zapillo', '628452384', '1996/03/12', 'M', 'alumno');
INSERT INTO persona VALUES (24, '85135690V', 'Sonia', 'Gea', 'Ruiz', 'Almería', 'C/ Mercurio', '678812017', '1995/04/13', 'M', 'alumno');
 
/* Profesor */
INSERT INTO profesor VALUES (3, 1);
INSERT INTO profesor VALUES (5, 2);
INSERT INTO profesor VALUES (8, 3);
INSERT INTO profesor VALUES (10, 4);
INSERT INTO profesor VALUES (12, 4);
INSERT INTO profesor VALUES (13, 6);
INSERT INTO profesor VALUES (14, 1);
INSERT INTO profesor VALUES (15, 2);
INSERT INTO profesor VALUES (16, 3);
INSERT INTO profesor VALUES (17, 4);
INSERT INTO profesor VALUES (18, 5);
INSERT INTO profesor VALUES (20, 6);
 
 /* Grado */
INSERT INTO grado VALUES (1, 'Grado en Ingeniería Agrícola (Plan 2015)');
INSERT INTO grado VALUES (2, 'Grado en Ingeniería Eléctrica (Plan 2014)');
INSERT INTO grado VALUES (3, 'Grado en Ingeniería Electrónica Industrial (Plan 2010)');
INSERT INTO grado VALUES (4, 'Grado en Ingeniería Informática (Plan 2015)');
INSERT INTO grado VALUES (5, 'Grado en Ingeniería Mecánica (Plan 2010)');
INSERT INTO grado VALUES (6, 'Grado en Ingeniería Química Industrial (Plan 2010)');
INSERT INTO grado VALUES (7, 'Grado en Biotecnología (Plan 2015)');
INSERT INTO grado VALUES (8, 'Grado en Ciencias Ambientales (Plan 2009)');
INSERT INTO grado VALUES (9, 'Grado en Matemáticas (Plan 2010)');
INSERT INTO grado VALUES (10, 'Grado en Química (Plan 2009)');
 
/* Asignatura */
INSERT INTO asignatura VALUES (1, 'Álgegra lineal y matemática discreta', 6, 'básica', 1, 1, 3, 4);
INSERT INTO asignatura VALUES (2, 'Cálculo', 6, 'básica', 1, 1, 14, 4);
INSERT INTO asignatura VALUES (3, 'Física para informática', 6, 'básica', 1, 1, 3, 4);
INSERT INTO asignatura VALUES (4, 'Introducción a la programación', 6, 'básica', 1, 1, 14, 4);
INSERT INTO asignatura VALUES (5, 'Organización y gestión de empresas', 6, 'básica', 1, 1, 3, 4);
INSERT INTO asignatura VALUES (6, 'Estadística', 6, 'básica', 1, 2, 14, 4);
INSERT INTO asignatura VALUES (7, 'Estructura y tecnología de computadores', 6, 'básica', 1, 2, 3, 4);
INSERT INTO asignatura VALUES (8, 'Fundamentos de electrónica', 6, 'básica', 1, 2, 14, 4);
INSERT INTO asignatura VALUES (9, 'Lógica y algorítmica', 6, 'básica', 1, 2, 3, 4);
INSERT INTO asignatura VALUES (10, 'Metodología de la programación', 6, 'básica', 1, 2, 14, 4);
INSERT INTO asignatura VALUES (11, 'Arquitectura de Computadores', 6, 'básica', 2, 1, 3, 4);
INSERT INTO asignatura VALUES (12, 'Estructura de Datos y Algoritmos I', 6, 'obligatoria', 2, 1, 3, 4);
INSERT INTO asignatura VALUES (13, 'Ingeniería del Software', 6, 'obligatoria', 2, 1, 14, 4);
INSERT INTO asignatura VALUES (14, 'Sistemas Inteligentes', 6, 'obligatoria', 2, 1, 3, 4);
INSERT INTO asignatura VALUES (15, 'Sistemas Operativos', 6, 'obligatoria', 2, 1, 14, 4);
INSERT INTO asignatura VALUES (16, 'Bases de Datos', 6, 'básica', 2, 2, 14, 4);
INSERT INTO asignatura VALUES (17, 'Estructura de Datos y Algoritmos II', 6, 'obligatoria', 2, 2, 14, 4);
INSERT INTO asignatura VALUES (18, 'Fundamentos de Redes de Computadores', 6 ,'obligatoria', 2, 2, 3, 4);
INSERT INTO asignatura VALUES (19, 'Planificación y Gestión de Proyectos Informáticos', 6, 'obligatoria', 2, 2, 3, 4);
INSERT INTO asignatura VALUES (20, 'Programación de Servicios Software', 6, 'obligatoria', 2, 2, 14, 4);
INSERT INTO asignatura VALUES (21, 'Desarrollo de interfaces de usuario', 6, 'obligatoria', 3, 1, 14, 4);
INSERT INTO asignatura VALUES (22, 'Ingeniería de Requisitos', 6, 'optativa', 3, 1, NULL, 4);
INSERT INTO asignatura VALUES (23, 'Integración de las Tecnologías de la Información en las Organizaciones', 6, 'optativa', 3, 1, NULL, 4);
INSERT INTO asignatura VALUES (24, 'Modelado y Diseño del Software 1', 6, 'optativa', 3, 1, NULL, 4);
INSERT INTO asignatura VALUES (25, 'Multiprocesadores', 6, 'optativa', 3, 1, NULL, 4);
INSERT INTO asignatura VALUES (26, 'Seguridad y cumplimiento normativo', 6, 'optativa', 3, 1, NULL, 4);
INSERT INTO asignatura VALUES (27, 'Sistema de Información para las Organizaciones', 6, 'optativa', 3, 1, NULL, 4); 
INSERT INTO asignatura VALUES (28, 'Tecnologías web', 6, 'optativa', 3, 1, NULL, 4);
INSERT INTO asignatura VALUES (29, 'Teoría de códigos y criptografía', 6, 'optativa', 3, 1, NULL, 4);
INSERT INTO asignatura VALUES (30, 'Administración de bases de datos', 6, 'optativa', 3, 2, NULL, 4);
INSERT INTO asignatura VALUES (31, 'Herramientas y Métodos de Ingeniería del Software', 6, 'optativa', 3, 2, NULL, 4);
INSERT INTO asignatura VALUES (32, 'Informática industrial y robótica', 6, 'optativa', 3, 2, NULL, 4);
INSERT INTO asignatura VALUES (33, 'Ingeniería de Sistemas de Información', 6, 'optativa', 3, 2, NULL, 4);
INSERT INTO asignatura VALUES (34, 'Modelado y Diseño del Software 2', 6, 'optativa', 3, 2, NULL, 4);
INSERT INTO asignatura VALUES (35, 'Negocio Electrónico', 6, 'optativa', 3, 2, NULL, 4);
INSERT INTO asignatura VALUES (36, 'Periféricos e interfaces', 6, 'optativa', 3, 2, NULL, 4);
INSERT INTO asignatura VALUES (37, 'Sistemas de tiempo real', 6, 'optativa', 3, 2, NULL, 4);
INSERT INTO asignatura VALUES (38, 'Tecnologías de acceso a red', 6, 'optativa', 3, 2, NULL, 4);
INSERT INTO asignatura VALUES (39, 'Tratamiento digital de imágenes', 6, 'optativa', 3, 2, NULL, 4);
INSERT INTO asignatura VALUES (40, 'Administración de redes y sistemas operativos', 6, 'optativa', 4, 1, NULL, 4);
INSERT INTO asignatura VALUES (41, 'Almacenes de Datos', 6, 'optativa', 4, 1, NULL, 4);
INSERT INTO asignatura VALUES (42, 'Fiabilidad y Gestión de Riesgos', 6, 'optativa', 4, 1, NULL, 4);
INSERT INTO asignatura VALUES (43, 'Líneas de Productos Software', 6, 'optativa', 4, 1, NULL, 4);
INSERT INTO asignatura VALUES (44, 'Procesos de Ingeniería del Software 1', 6, 'optativa', 4, 1, NULL, 4);
INSERT INTO asignatura VALUES (45, 'Tecnologías multimedia', 6, 'optativa', 4, 1, NULL, 4);
INSERT INTO asignatura VALUES (46, 'Análisis y planificación de las TI', 6, 'optativa', 4, 2, NULL, 4);
INSERT INTO asignatura VALUES (47, 'Desarrollo Rápido de Aplicaciones', 6, 'optativa', 4, 2, NULL, 4);
INSERT INTO asignatura VALUES (48, 'Gestión de la Calidad y de la Innovación Tecnológica', 6, 'optativa', 4, 2, NULL, 4);
INSERT INTO asignatura VALUES (49, 'Inteligencia del Negocio', 6, 'optativa', 4, 2, NULL, 4);
INSERT INTO asignatura VALUES (50, 'Procesos de Ingeniería del Software 2', 6, 'optativa', 4, 2, NULL, 4);
INSERT INTO asignatura VALUES (51, 'Seguridad Informática', 6, 'optativa', 4, 2, NULL, 4);
INSERT INTO asignatura VALUES (52, 'Biologia celular', 6, 'básica', 1, 1, NULL, 7);
INSERT INTO asignatura VALUES (53, 'Física', 6, 'básica', 1, 1, NULL, 7);
INSERT INTO asignatura VALUES (54, 'Matemáticas I', 6, 'básica', 1, 1, NULL, 7);
INSERT INTO asignatura VALUES (55, 'Química general', 6, 'básica', 1, 1, NULL, 7);
INSERT INTO asignatura VALUES (56, 'Química orgánica', 6, 'básica', 1, 1, NULL, 7);
INSERT INTO asignatura VALUES (57, 'Biología vegetal y animal', 6, 'básica', 1, 2, NULL, 7);
INSERT INTO asignatura VALUES (58, 'Bioquímica', 6, 'básica', 1, 2, NULL, 7);
INSERT INTO asignatura VALUES (59, 'Genética', 6, 'básica', 1, 2, NULL, 7);
INSERT INTO asignatura VALUES (60, 'Matemáticas II', 6, 'básica', 1, 2, NULL, 7);
INSERT INTO asignatura VALUES (61, 'Microbiología', 6, 'básica', 1, 2, NULL, 7);
INSERT INTO asignatura VALUES (62, 'Botánica agrícola', 6, 'obligatoria', 2, 1, NULL, 7);
INSERT INTO asignatura VALUES (63, 'Fisiología vegetal', 6, 'obligatoria', 2, 1, NULL, 7);
INSERT INTO asignatura VALUES (64, 'Genética molecular', 6, 'obligatoria', 2, 1, NULL, 7);
INSERT INTO asignatura VALUES (65, 'Ingeniería bioquímica', 6, 'obligatoria', 2, 1, NULL, 7);
INSERT INTO asignatura VALUES (66, 'Termodinámica y cinética química aplicada', 6, 'obligatoria', 2, 1, NULL, 7);
INSERT INTO asignatura VALUES (67, 'Biorreactores', 6, 'obligatoria', 2, 2, NULL, 7);
INSERT INTO asignatura VALUES (68, 'Biotecnología microbiana', 6, 'obligatoria', 2, 2, NULL, 7);
INSERT INTO asignatura VALUES (69, 'Ingeniería genética', 6, 'obligatoria', 2, 2, NULL, 7);
INSERT INTO asignatura VALUES (70, 'Inmunología', 6, 'obligatoria', 2, 2, NULL, 7);
INSERT INTO asignatura VALUES (71, 'Virología', 6, 'obligatoria', 2, 2, NULL, 7);
INSERT INTO asignatura VALUES (72, 'Bases moleculares del desarrollo vegetal', 4.5, 'obligatoria', 3, 1, NULL, 7);
INSERT INTO asignatura VALUES (73, 'Fisiología animal', 4.5, 'obligatoria', 3, 1, NULL, 7);
INSERT INTO asignatura VALUES (74, 'Metabolismo y biosíntesis de biomoléculas', 6, 'obligatoria', 3, 1, NULL, 7);
INSERT INTO asignatura VALUES (75, 'Operaciones de separación', 6, 'obligatoria', 3, 1, NULL, 7);
INSERT INTO asignatura VALUES (76, 'Patología molecular de plantas', 4.5, 'obligatoria', 3, 1, NULL, 7);
INSERT INTO asignatura VALUES (77, 'Técnicas instrumentales básicas', 4.5, 'obligatoria', 3, 1, NULL, 7);
INSERT INTO asignatura VALUES (78, 'Bioinformática', 4.5, 'obligatoria', 3, 2, NULL, 7);
INSERT INTO asignatura VALUES (79, 'Biotecnología de los productos hortofrutículas', 4.5, 'obligatoria', 3, 2, NULL, 7);
INSERT INTO asignatura VALUES (80, 'Biotecnología vegetal', 6, 'obligatoria', 3, 2, NULL, 7);
INSERT INTO asignatura VALUES (81, 'Genómica y proteómica', 4.5, 'obligatoria', 3, 2, NULL, 7);
INSERT INTO asignatura VALUES (82, 'Procesos biotecnológicos', 6, 'obligatoria', 3, 2, NULL, 7);
INSERT INTO asignatura VALUES (83, 'Técnicas instrumentales avanzadas', 4.5, 'obligatoria', 3, 2, NULL, 7);

/* Curso escolar */
INSERT INTO curso_escolar VALUES (1, 2014, 2015);
INSERT INTO curso_escolar VALUES (2, 2015, 2016);
INSERT INTO curso_escolar VALUES (3, 2016, 2017);
INSERT INTO curso_escolar VALUES (4, 2017, 2018);
INSERT INTO curso_escolar VALUES (5, 2018, 2019);

/* Alumno se matricula en asignatura */
INSERT INTO alumno_se_matricula_asignatura VALUES (1, 1, 1);
INSERT INTO alumno_se_matricula_asignatura VALUES (1, 2, 1);
INSERT INTO alumno_se_matricula_asignatura VALUES (1, 3, 1);
INSERT INTO alumno_se_matricula_asignatura VALUES (2, 1, 1);
INSERT INTO alumno_se_matricula_asignatura VALUES (2, 2, 1);
INSERT INTO alumno_se_matricula_asignatura VALUES (2, 3, 1);
INSERT INTO alumno_se_matricula_asignatura VALUES (4, 1, 1);
INSERT INTO alumno_se_matricula_asignatura VALUES (4, 2, 1);
INSERT INTO alumno_se_matricula_asignatura VALUES (4, 3, 1);
INSERT INTO alumno_se_matricula_asignatura VALUES (24, 1, 5);
INSERT INTO alumno_se_matricula_asignatura VALUES (24, 2, 5);
INSERT INTO alumno_se_matricula_asignatura VALUES (24, 3, 5);
INSERT INTO alumno_se_matricula_asignatura VALUES (24, 4, 5);
INSERT INTO alumno_se_matricula_asignatura VALUES (24, 5, 5);
INSERT INTO alumno_se_matricula_asignatura VALUES (24, 6, 5);
INSERT INTO alumno_se_matricula_asignatura VALUES (24, 7, 5);
INSERT INTO alumno_se_matricula_asignatura VALUES (24, 8, 5);
INSERT INTO alumno_se_matricula_asignatura VALUES (24, 9, 5);
INSERT INTO alumno_se_matricula_asignatura VALUES (24, 10, 5);
INSERT INTO alumno_se_matricula_asignatura VALUES (23, 1, 5);
INSERT INTO alumno_se_matricula_asignatura VALUES (23, 2, 5);
INSERT INTO alumno_se_matricula_asignatura VALUES (23, 3, 5);
INSERT INTO alumno_se_matricula_asignatura VALUES (23, 4, 5);
INSERT INTO alumno_se_matricula_asignatura VALUES (23, 5, 5);
INSERT INTO alumno_se_matricula_asignatura VALUES (23, 6, 5);
INSERT INTO alumno_se_matricula_asignatura VALUES (23, 7, 5);
INSERT INTO alumno_se_matricula_asignatura VALUES (23, 8, 5);
INSERT INTO alumno_se_matricula_asignatura VALUES (23, 9, 5);
INSERT INTO alumno_se_matricula_asignatura VALUES (23, 10, 5);
INSERT INTO alumno_se_matricula_asignatura VALUES (19, 1, 5);
INSERT INTO alumno_se_matricula_asignatura VALUES (19, 2, 5);
INSERT INTO alumno_se_matricula_asignatura VALUES (19, 3, 5);
INSERT INTO alumno_se_matricula_asignatura VALUES (19, 4, 5);
INSERT INTO alumno_se_matricula_asignatura VALUES (19, 5, 5);
INSERT INTO alumno_se_matricula_asignatura VALUES (19, 6, 5);
INSERT INTO alumno_se_matricula_asignatura VALUES (19, 7, 5);
INSERT INTO alumno_se_matricula_asignatura VALUES (19, 8, 5);
INSERT INTO alumno_se_matricula_asignatura VALUES (19, 9, 5);
INSERT INTO alumno_se_matricula_asignatura VALUES (19, 10, 5);








USE universidad;

-- 1)Devuelve un listado con el primer apellido, segundo apellido y el nombre de todos los alumnos/as. El listado deberá estar ordenado alfabéticamente de menor a mayor por el primer apellido, segundo apellido y nombre.
SELECT apellido1, apellido2, nombre FROM persona WHERE tipo = 'alumno' ORDER BY apellido1, apellido2, nombre ASC;

-- 2)Halla el nombre y los dos apellidos de los alumnos que no han dado de alta su número de teléfono en la base de datos.
SELECT apellido1, apellido2, nombre FROM persona WHERE tipo = 'alumno' AND telefono IS NULL;

-- 3)Devuelve el listado de los alumnos que nacieron en 1999.
SELECT * FROM persona WHERE tipo = 'alumno' AND fecha_nacimiento >= '1999-01-01'AND fecha_nacimiento < '2000-01-01';

-- 4)Devuelve el listado de profesores/as que no han dado de alta su número de teléfono en la base de datos y además su NIF termina en K.
SELECT apellido1, apellido2, nombre, nif FROM persona WHERE tipo = 'profesor' AND telefono IS NULL AND nif LIKE '%K';

-- 5)Devuelve el listado de las asignaturas que se imparten en el primer cuatrimestre, en el tercer curso del grado que tiene el identificador 7.
SELECT *FROM asignatura WHERE cuatrimestre = 1 AND curso = 3 AND id_grado = 7;

-- 6)Devuelve un listado de los profesores/as junto con el nombre del departamento al que están vinculados. El listado debe devolver cuatro columnas, primer apellido, segundo apellido, nombre y nombre del departamento. El resultado estará ordenado alfabéticamente de menor a mayor por apellidos y nombre.
SELECT persona.apellido1, persona.apellido2, persona.nombre, departamento.nombre FROM persona JOIN profesor ON persona.id = profesor.id_profesor JOIN departamento ON profesor.id_departamento = departamento.id WHERE persona.tipo = 'profesor' ORDER BY persona.apellido1, persona.apellido2, persona.nombre ASC;

-- 7)Devuelve un listado con el nombre de las asignaturas, año de inicio y año de fin del curso escolar del alumno/a con NIF 26902806M.
SELECT asignatura.nombre, curso_escolar.anyo_inicio, curso_escolar.anyo_fin FROM persona JOIN alumno_se_matricula_asignatura ON persona.id = alumno_se_matricula_asignatura.id_alumno JOIN asignatura ON asignatura.id = alumno_se_matricula_asignatura.id_asignatura JOIN curso_escolar ON curso_escolar.id = alumno_se_matricula_asignatura.id_curso_escolar WHERE nif LIKE '26902806M';

-- 8)Devuelve un listado con el nombre de todos los departamentos que tienen profesores/as que imparten alguna asignatura en el Grado en Ingeniería Informática (Plan 2015).
SELECT DISTINCT departamento.nombre FROM departamento JOIN profesor ON profesor.id_departamento = departamento.id JOIN asignatura ON asignatura.id_profesor = profesor.id_profesor JOIN grado ON asignatura.id_grado = grado.id WHERE grado.nombre LIKE '%Grado en Ingeniería Informatica (plan 2015)%';

-- 9)Devuelve un listado con todos los alumnos que se han matriculado en alguna asignatura durante el curso escolar 2018/2019.
SELECT DISTINCT persona.*, curso_escolar.anyo_inicio, curso_escolar.anyo_fin FROM persona JOIN alumno_se_matricula_asignatura ON alumno_se_matricula_asignatura.id_alumno = persona.id JOIN curso_escolar ON curso_escolar.id = alumno_se_matricula_asignatura.id_curso_escolar WHERE curso_escolar.anyo_inicio = 2018 AND curso_escolar.anyo_fin = 2019;


-- Consultas utilizando las cláusulas LEFT JOIN y RIGHT JOIN.

-- 10)Devuelve un listado con los nombres de todos los profesores/as y los departamentos que tienen vinculados. El listado también debe mostrar aquellos profesores/as que no tienen ningún departamento asociado. El listado debe devolver cuatro columnas, nombre del departamento, primer apellido, segundo apellido y nombre del profesor/a. El resultado estará ordenado alfabéticamente de menor a mayor por el nombre del departamento, apellidos y nombre.
SELECT departamento.nombre, persona.apellido1, persona.apellido2, persona.nombre FROM persona LEFT JOIN profesor ON profesor.id_profesor = persona.id LEFT JOIN departamento ON departamento.id = profesor.id_departamento WHERE persona.tipo = 'profesor' ORDER BY departamento.nombre, persona.apellido1, persona.apellido2, persona.nombre ASC;

-- 11)Devuelve un listado con los profesores/as que no están asociados a un departamento.
SELECT persona.nombre, persona.apellido1, persona.apellido2 FROM persona LEFT JOIN profesor ON persona.id = profesor.id_profesor WHERE persona.tipo = "profesor" AND profesor.id_departamento IS NULL;

-- 12)Devuelve un listado con los departamentos que no tienen profesores asociados.
SELECT departamento.nombre FROM departamento LEFT JOIN profesor ON departamento.id = profesor.id_departamento WHERE profesor.id_profesor IS NULL;

-- 13)Devuelve un listado con los profesores/as que no imparten ninguna asignatura.
SELECT persona.nombre,persona.apellido1, persona.apellido2 FROM persona LEFT JOIN asignatura ON asignatura.id_profesor = persona.id WHERE persona.tipo = "profesor" AND asignatura.id_profesor IS NULL;

-- 14)Devuelve un listado con las asignaturas que no tienen un profesor/a asignado.
SELECT asignatura.nombre FROM profesor RIGHT JOIN asignatura ON profesor.id_profesor = asignatura.id_profesor WHERE asignatura.id_profesor IS NULL;

-- 15)Devuelve un listado con todos los departamentos que no han impartido asignaturas en ningún curso escolar.
SELECT DISTINCT departamento.nombre FROM departamento LEFT JOIN profesor ON departamento.id = profesor.id_departamento LEFT JOIN asignatura ON profesor.id_profesor = asignatura.id_profesor WHERE curso IS NULL; 


--Consultas resumen:


-- 16)Devuelve el número total de alumnos existentes.
SELECT COUNT(*) FROM persona WHERE tipo = 'alumno';

-- 17)Calcula cuántos alumnos nacieron en 1999.
SELECT COUNT(*) FROM persona WHERE tipo = 'alumno' AND fecha_nacimiento >= '1999-01-01'AND fecha_nacimiento < '2000-01-01';

-- 18)Calcula cuántos profesores/as hay en cada departamento. El resultado sólo debe mostrar dos columnas, una con el nombre del departamento y otra con el número de profesores/as que hay en ese departamento. El resultado sólo debe incluir los departamentos que tienen profesores/as asociados y tendrá que estar ordenado de mayor a menor por el número de profesores/as.
SELECT COUNT(*), departamento.nombre FROM profesor JOIN departamento ON profesor.id_departamento = departamento.id  GROUP BY departamento.nombre ORDER BY COUNT(*) DESC;

-- 19)Devuelve un listado con todos los departamentos y el número de profesores/as que hay en cada uno de ellos. Tenga en cuenta que pueden existir departamentos que no tienen profesores asociados. Estos departamentos también deben aparecer en el listado.
SELECT COUNT(profesor.id_profesor), departamento.nombre FROM profesor RIGHT JOIN departamento ON profesor.id_departamento = departamento.id GROUP BY departamento.nombre;

-- 20)Devuelve un listado con el nombre de todos los grados existentes en la base de datos y el número de asignaturas que tiene cada uno. Ten en cuenta que pueden existir grados que carecen de asignaturas asociadas. Estos grados también deben aparecer en el listado. El resultado deberá estar ordenado de mayor a menor por el número de asignaturas.
SELECT COUNT(asignatura.id), grado.nombre FROM grado LEFT JOIN asignatura ON grado.id = asignatura.id_grado GROUP BY grado.nombre ORDER BY COUNT(*) DESC;

-- 21)Devuelve un listado con el nombre de todos los grados existentes en la base de datos y el número de asignaturas que tiene cada uno, de los grados que tengan más de 40 asignaturas asociadas.
SELECT COUNT(asignatura.id), grado.nombre FROM grado LEFT JOIN asignatura ON grado.id = asignatura.id_grado GROUP BY grado.nombre HAVING COUNT(asignatura.id) > 40;

-- 22)Devuelve un listado que muestre cuántos alumnos se han matriculado de alguna asignatura en cada uno de los cursos escolares. El resultado tendrá que mostrar dos columnas, una columna con el año de inicio del curso escolar y otra con el número de alumnos matriculados.
SELECT COUNT(*) AS total_alumnos, curso_escolar.anyo_inicio FROM alumno_se_matricula_asignatura JOIN curso_escolar ON curso_escolar.id = alumno_se_matricula_asignatura.id_curso_escolar GROUP BY curso_escolar.anyo_inicio;

-- 23)Devuelve un listado con el número de asignaturas que imparte cada profesor/a. El listado debe tener en cuenta a aquellos profesores/as que no imparten ninguna asignatura. El resultado mostrará cinco columnas: id, nombre, primer apellido, segundo apellido y número de asignaturas. El resultado estará ordenado de mayor a menor por el número de asignaturas.
SELECT COUNT(*) AS total_asignaturas, persona.id, persona.nombre, persona.apellido1, persona.apellido2 FROM asignatura JOIN persona ON persona.id = asignatura.id_profesor GROUP BY persona.id, persona.nombre, persona.apellido1, persona.apellido2; 

-- 24)Devuelve todos los datos del alumno/a más joven.
SELECT * FROM persona WHERE tipo = 'alumno' AND fecha_nacimiento = (SELECT MAX(fecha_nacimiento) FROM persona);